Workbook

Sheet Dashboard
A3: 1. High-Level KPIs : | C3: TOTAL TRACKED EMBASSIES (Unique IDs) | G3: ACTIVE ENGAGEMENT RATE (Embassies classified as 'Engaged' or 'In Discussion') | K3: OUTREACH REQUIRING ACTION (Embassies classified as 'On Hold' or 'Not Started' or 'Meeting Scheduled')
C4: {=COUNTA(_xlfn.UNIQUE(_xlfn._xlws.FILTER('BackEnd Data'!A2:A89,'BackEnd Data'!A2:A89<>"")))} -> 85 | G4: =(C10+C12)/SUM(C10:C16) -> 0.40909091 | K4: =(C14+C15+C13)/SUM(C10:C16) -> 0.36363636
B7: 2. Outreach Status Distribution | H7: 3. Regional Engagement Breakdown | O7: 4. Engagement Level | S7: 5. MANAGEMENT ATTENTION
B9: Outreach Status | C9: Count | D9: % Share | H9: Region | I9: Total Embassies | J9: Engaged | K9: In Discussion | L9: Active Engagement Rate | O9: Engagement Level | P9: Count | S9: Issue | T9: Records Requiring Attention
B10: Engaged | C10: =COUNTIF('BackEnd Data'!H:H, "Engaged") -> 22 | D10: =ROUND(C10/SUM($C$10:$C$16),2) -> 0.25 | H10: Europe | I10: =COUNTIF('BackEnd Data'!C1:C89, "Europe") -> 19 | J10: =COUNTIFS('BackEnd Data'!$C$2:$C$92,"Europe",'BackEnd Data'!$H$2:$H$92,"Engaged") -> 3 | K10: =COUNTIFS('BackEnd Data'!$C$2:$C$92,"Europe",'BackEnd Data'!$H$2:$H$92,"In Discussion") -> 4 | L10: =(COUNTIFS('BackEnd Data'!$C$2:$C$92,"Europe",'BackEnd Data'!$H$2:$H$92,"Engaged")+COUNTIFS('BackEnd Data'!$C$2:$C$92,"Europe",'BackEnd Data'!$H$2:$H$92,"In Discussion"))/COUNTIF('BackEnd Data'!$C$2:$C$92,"Europe") -> 0.36842105 | O10: Low | P10: =COUNTIF('BackEnd Data'!N2:N92, "Low") -> 26 | S10: Missing Next Follow-up | T10: =COUNTBLANK('BackEnd Data'!$L$2:$L$92) -> 25
B11: Initial Contact Made | C11: =COUNTIF('BackEnd Data'!H:H, "Initial Contact Made") -> 15 | D11: =ROUND(C11/SUM($C$10:$C$16),2) -> 0.17 | H11: Sub-Saharan Africa | I11: =COUNTIF('BackEnd Data'!C1:C89, "Sub-Saharan Africa") -> 16 | J11: =COUNTIFS('BackEnd Data'!$C$2:$C$92,"Sub-Saharan Africa",'BackEnd Data'!$H$2:$H$92,"Engaged") -> 7 | K11: =COUNTIFS('BackEnd Data'!$C$2:$C$92,"Sub-Saharan Africa",'BackEnd Data'!$H$2:$H$92,"In Discussion") -> 2 | L11: =(COUNTIFS('BackEnd Data'!$C$2:$C$92,"Sub-Saharan Africa",'BackEnd Data'!$H$2:$H$92,"Engaged")+COUNTIFS('BackEnd Data'!$C$2:$C$92,"Sub-Saharan Africa",'BackEnd Data'!$H$2:$H$92,"In Discussion"))/COUNTIF('BackEnd Data'!$C$2:$C$92,"Sub-Saharan Africa") -> 0.5625 | O11: Medium | P11: =COUNTIF('BackEnd Data'!N2:N92, "Medium") -> 22 | S11: Missing Engagement Level | T11: =COUNTBLANK('BackEnd Data'!$N$2:$N$92) -> 24
B12: In Discussion | C12: =COUNTIF('BackEnd Data'!H:H, "In Discussion") -> 14 | D12: =ROUND(C12/SUM($C$10:$C$16),2) -> 0.16 | H12: Asia-Pacific | I12: =COUNTIF('BackEnd Data'!C3:C91, "Asia-Pacific") -> 15 | J12: =COUNTIFS('BackEnd Data'!$C$2:$C$92,"Asia-Pacific",'BackEnd Data'!$H$2:$H$92,"Engaged") -> 3 | K12: =COUNTIFS('BackEnd Data'!$C$2:$C$92,"Asia-Pacific",'BackEnd Data'!$H$2:$H$92,"In Discussion") -> 4 | L12: =(COUNTIFS('BackEnd Data'!$C$2:$C$92,"Asia-Pacific",'BackEnd Data'!$H$2:$H$92,"Engaged")+COUNTIFS('BackEnd Data'!$C$2:$C$92,"Asia-Pacific",'BackEnd Data'!$H$2:$H$92,"In Discussion"))/COUNTIF('BackEnd Data'!$C$2:$C$92,"Asia-Pacific") -> 0.46666667 | O12: High | P12: =COUNTIF('BackEnd Data'!N3:N93, "High") -> 19 | S12: Missing Owner | T12: =COUNTBLANK('BackEnd Data'!$J$2:$J$92) -> 13
B13: Meeting Scheduled | C13: =COUNTIF('BackEnd Data'!H:H, "Meeting Scheduled") -> 11 | D13: =ROUND(C13/SUM($C$10:$C$16),2) -> 0.13 | H13: America | I13: =COUNTIF('BackEnd Data'!C4:C92, "America") -> 14 | J13: =COUNTIFS('BackEnd Data'!$C$2:$C$92,"America",'BackEnd Data'!$H$2:$H$92,"Engaged") -> 4 | K13: =COUNTIFS('BackEnd Data'!$C$2:$C$92,"America",'BackEnd Data'!$H$2:$H$92,"In Discussion") -> 1 | L13: =(COUNTIFS('BackEnd Data'!$C$2:$C$92,"America",'BackEnd Data'!$H$2:$H$92,"Engaged")+COUNTIFS('BackEnd Data'!$C$2:$C$92,"America",'BackEnd Data'!$H$2:$H$92,"In Discussion"))/COUNTIF('BackEnd Data'!$C$2:$C$92,"America") -> 0.35714286 | O13: Unknown/Missing | P13: =COUNTIF('BackEnd Data'!N3:N93, "") -> 24 | S13: Missing Email | T13: =COUNTBLANK('BackEnd Data'!$F$2:$F$89) -> 7
B14: On Hold | C14: =COUNTIF('BackEnd Data'!H:H, "On Hold") -> 11 | D14: =ROUND(C14/SUM($C$10:$C$16),2) -> 0.13 | H14: Middle East & North Africa | I14: =COUNTIF('BackEnd Data'!C5:C93, "Middle East & North Africa") -> 12 | J14: =COUNTIFS('BackEnd Data'!$C$2:$C$92,"Middle East & North Africa",'BackEnd Data'!$H$2:$H$92,"Engaged") -> 4 | K14: =COUNTIFS('BackEnd Data'!$C$2:$C$92,"Middle East & North Africa",'BackEnd Data'!$H$2:$H$92,"In Discussion") -> 2 | L14: =(COUNTIFS('BackEnd Data'!$C$2:$C$92,"Middle East & North Africa",'BackEnd Data'!$H$2:$H$92,"Engaged")+COUNTIFS('BackEnd Data'!$C$2:$C$92,"Middle East & North Africa",'BackEnd Data'!$H$2:$H$92,"In Discussion"))/COUNTIF('BackEnd Data'!$C$2:$C$92,"Middle East & North Africa") -> 0.5 | S14: Missing Phone | T14: =COUNTBLANK('BackEnd Data'!$I$2:$I$89) -> 8
B15: Not Started | C15: =COUNTIF('BackEnd Data'!H:H, "Not Started") -> 10 | D15: =ROUND(C15/SUM($C$10:$C$16),2) -> 0.11 | H15: South & Central Asia | I15: =COUNTIF('BackEnd Data'!C6:C94, "South & Central Asia") -> 7 | J15: =COUNTIFS('BackEnd Data'!$C$2:$C$92,"South & Central Asia",'BackEnd Data'!$H$2:$H$92,"Engaged") -> 1 | K15: =COUNTIFS('BackEnd Data'!$C$2:$C$92,"South & Central Asia",'BackEnd Data'!$H$2:$H$92,"In Discussion") -> 1 | L15: =(COUNTIFS('BackEnd Data'!$C$2:$C$92,"South & Central Asia",'BackEnd Data'!$H$2:$H$92,"South & Central Asia")+COUNTIFS('BackEnd Data'!$C$2:$C$92,"Europe",'BackEnd Data'!$H$2:$H$92,"In Discussion"))/COUNTIF('BackEnd Data'!$C$2:$C$92,"South & Central Asia") -> 0.57142857 | S15: Date / Data Consistency Issues | T15: =8 -> 8
B16: Closed | C16: =COUNTIF('BackEnd Data'!H:H, "Closed") -> 5 | D16: =ROUND(C16/SUM($C$10:$C$16),2) -> 0.06 | H16: Unknown/Missing | I16: =COUNTBLANK('BackEnd Data'!$C$2:$C$89) -> 5 | J16: =COUNTIFS('BackEnd Data'!$C$2:$C$92,"",'BackEnd Data'!$H$2:$H$92,"Engaged") -> 0 | K16: =COUNTIFS('BackEnd Data'!$C$2:$C$92,"",'BackEnd Data'!$H$2:$H$92,"In Discussion") -> 0 | L16: =(J16+K16)/COUNT('BackEnd Data'!N1:N90) -> #DIV/0! | S16: Invalid Interaction Count | T16: =COUNTIF('BackEnd Data'!$M$2:$M$89,"<0") -> 1
H17: Total | I17: =SUM(I10:I16) -> 88 | J17: =SUM(J10:J16) -> 22 | K17: =SUM(K10:K16) -> 14 | L17: =SUM(L10:L15) -> 2.8261591
B18: Total | C18: =SUM(C10:C16) -> 88 | D18: =SUM(C10:C16)/SUM(C10:C16) -> 1

Sheet BackEnd Data
A1: Embassy ID | B1: Country | C1: Region | D1: Contact Person | E1: Designation | F1: Email | G1: Phone | H1: Outreach Status | I1: Outreach Owner | J1: First Contact Date | K1: Last Contact Date | L1: Next Followup Date | M1: Interactions | N1: Engagement Level | O1: Channel | P1: Remarks
A2: EMB-001 | B2: France | C2: Europe | D2: Mei Schmidt | E2: Counsellor (Public Affairs) | F2: mei.schmidt@france.embassy.example | G2: +91 91399 86987 | H2: Not started | I2: Neha Kulkarni | M2: 0 | P2: Priority list - Q4
A3: EMB-002 | B3: Germany | C3: Europe | D3: Stefan Haddad | E3: Commercial Counsellor | F3: stefan.haddad@germany.embassy.example | G3: 911181707536 | H3: Initial Contact Made | I3: Priya Nair | J3: 46057 | K3: 46078 | L3: 46132 | M3: 1 | N3: Low | O3: Email | P3: Intro call held
A4: EMB-003 | B4: Italy | D4: Kwame Okafor | E4: Counsellor (Public Affairs) | F4: kwame.okafor@italy.embassy.example | G4: +91 11 2698 7168 | H4: On Hold | I4: Neha Kulkarni | J4: 46079 | K4: 46143 | L4: 46257 | M4: 6 | O4: Phone | P4: Awaiting HQ approval
A5: EMB-004 | B5: Spain | C5: Europe | D5: Leila Bergstrom | E5: Protocol Officer | F5: leila.bergstrom@spain.embassy.example | G5: +91 11 3731 7784 | H5: Engaged | I5: Sameer Khan | J5: 46233 | K5: 46248 | L5: 46287 | M5: 19 | N5: High | O5: Phone | P5: Regular quarterly touchpoints
A6: EMB-005 | B6: Portugal | C6: Europe | D6: Omar Khalil | E6: Counsellor (Public Affairs) | F6: omar.khalil@portugal.embassy.example | G6: +91 97876 80457 | H6: In Discussion | I6: Anita Deshmukh | J6: 46199 | K6: 46270 | L6: 46295 | M6: 8 | N6: Low | O6: Official Letter | P6: Positive response
A7: EMB-006 | B7: Netherlands | C7: Europe | D7: Carla Alvarez | E7: Counsellor (Public Affairs) | F7: carla.alvarez@netherlands.embassy.example | G7: +91 11 8193 3190 | H7: Not started | I7: Neha Kulkarni | K7: 46249 | M7: 2 | P7: Contact details to be verified
A8: EMB-007 | B8: Belgium | C8: Europe | D8: Amara Okafor | E8: Protocol Officer | F8: amara.okafor@belgium.embassy.example | G8: +91 11 4997 2837 | H8: Engaged | I8: Rahul Verma | J8: 45758 | K8: 46294 | L8: 46316 | N8: Medium | O8: Event | P8: Regular quarterly touchpoints
A9: EMB-008 | B9: Switzerland | C9: Europe | D9: Elena Rossi | E9: Protocol Officer | F9: elena.rossi@switzerland.embassy.example | G9: +91 11 4475 1779 | H9: Meeting Scheduled | I9: Rahul Verma | J9: 46204 | K9: 46280 | O9: Official Letter | P9: Meeting with Ambassador pending
A10: EMB-009 | B10: Austria | C10: Europe | D10: Amara Petrov | E10: Second Secretary | G10: +91 11 7028 3 | H10: Not started | M10: 0 | P10: Priority list - Q4
A11: EMB-010 | B11: Sweden | C11: Europe | D11: Joao Garcia | E11: Commercial Counsellor | F11: joao.garcia@sweden.embassy.example | G11: +91 96425 24776 | H11: Initial Contact Made | I11: Sameer Khan | J11: 46005 | M11: 2 | N11: Medium | O11: Event | P11: Awaiting acknowledgement
A12: EMB-011 | B12: Norway | C12: Europe | D12: Diego Mensah | E12: Second Secretary | F12: diego.mensah@norway.embassy.example | G12: +91 95258 98319 | H12: On Hold | I12: Priya Nair | J12: 45891 | K12: 46233 | L12: 46310 | M12: 2 | N12: Low | O12: Email | P12: Paused - elections
A13: EMB-012 | B13: Denmark | C13: Europe | D13: Mei Moreau | E13: First Secretary (Political) | F13: mei.moreau@denmark.embassy.example | G13: +91 11 8145 2441 | H13: Meeting Scheduled | I13: Sameer Khan | J13: 46096 | K13: 46195 | L13: 46215 | M13: 6 | N13: Medium | O13: Email | P13: Date to be confirmed
A14: EMB-013 | B14: Finland | C14: Europe | D14: Stefan Petrov | E14: First Secretary (Political) | F14: stefan.petrov@finland.embassy.example | G14: +91 11 5158 4645 | H14: In Discussion | I14: Arjun Mehta | J14: 45696 | K14: 46289 | L14: 46321 | M14: 5 | N14: Medium | O14: Email | P14: Positive response
A15: EMB-014 | B15: Poland | C15: Europe | D15: Aisha Tanaka | E15: Press & Information Officer | F15: aisha.tanaka@poland.embassy.example | G15: +91 11 4940 6925 | H15: Meeting Scheduled | I15: Sameer Khan | J15: 45917 | K15: 46383 | M15: 8 | N15: Medium | O15: Phone | P15: Date to be confirmed
A16: EMB-015 | B16: Czechia | C16: Europe | D16: Sofia Larsen | E16: Counsellor (Public Affairs) | F16: sofia.larsen@czechrepubli.embassy.example | G16: +91 99128 08458 | H16: In Discussion | I16: Arjun Mehta | J16: 45729 | K16: 46269 | L16: 46323 | M16: 6 | N16: High | O16: Official Letter | P16: Reviewing MoU wording
A17: EMB-016 | B17: Hungary | C17: Europe | D17: Fatima Moreau | E17: Cultural Attache | F17: fatima.moreau@hungary.embassy.example | H17: Initial Contact Made | I17: Arjun Mehta | J17: 45829 | K17: 46299 | M17: 2 | N17: Low | O17: Official Letter | P17: Note verbale sent
A18: EMB-017 | B18: Greece | D18: Omar Alvarez | E18: First Secretary (Political) | F18: omar.alvarez@greece.embassy.example | G18: +91 11 2668 8281 | H18: Not started | I18: Rahul Verma | M18: 0 | P18: Priority list - Q4
A19: EMB-018 | B19: Ireland | C19: Europe | D19: Fatima Novak | E19: Cultural Attache | F19: fatima.novak@ireland.embassy.example | G19: +91 11 6324 4845 | H19: In Discussion | I19: Sameer Khan | J19: 45681 | K19: 46087 | L19: 46128 | M19: 0 | N19: Medium | O19: Phone | P19: Draft proposal shared
A20: EMB-019 | B20: UK | C20: Europe | D20: Amara Rossi | E20: Cultural Attache | F20: amara.rossi@unitedkingdo.embassy.example | G20: +91 91543 82993 | H20: On Hold | I20: Anita Deshmukh | J20: 46168 | K20: 46273 | L20: 46379 | M20: 4 | N20: Low | O20: Event | P20: Awaiting HQ approval
A21: EMB-020 | B21: Russian Federation | C21: Europe | D21: Carla Alvarez | E21: Press & Information Officer | F21: carla.alvarez@russia.embassy.example | G21: +91 11 2174 4325 | H21: Engaged | I21: Neha Kulkarni | J21: 46002 | K21: 46083 | L21: 46122 | M21: 18 | N21: High | O21: Event | P21: Regular quarterly touchpoints
A22: EMB-021 | B22: Japan | D22: Omar Larsen | E22: Counsellor (Public Affairs) | F22: omar.larsen@japan.embassy.example | G22: +91 11 6264 5154 | H22: Meeting Scheduled | I22: Sameer Khan | J22: 45820 | K22: 46252 | L22: 46280 | M22: 8 | N22: Medium | O22: Meeting | P22: Date to be confirmed
A23: EMB-022 | B23: Korea (South) | C23: Asia-Pacific | D23: Sofia Silva | E23: Second Secretary | F23: sofia.silva@southkorea.embassy.example | G23: +91 97883 65506 | H23: Engaged | I23: Rahul Verma | J23: 45945 | K23: 46253 | L23: 46275 | M23: 0 | O23: Meeting | P23: Embassy declined further participation
A24: EMB-023 | B24: China | C24: Asia-Pacific | D24: Fatima Moreau | E24: Second Secretary | F24: fatima.moreau@china.embassy.example | G24: +91 11 3784 9518 | H24: Engaged | I24: Rahul Verma | J24: 45769 | K24: 46292 | L24: 46335 | M24: 8 | N24: High | O24: Email | P24: Active collaboration
A25: EMB-024 | B25: Indonesia | C25: Asia-Pacific | D25: Andrei Tanaka | E25: Protocol Officer | F25: andrei.tanaka@indonesia.embassy.example | G25: +91 11 7837 5555 | H25: Initial Contact Made | J25: 46172 | K25: 46173 | L25: 46228 | M25: 2 | N25: Medium | O25: Meeting | P25: Intro call held
A26: EMB-025 | B26: Malaysia | C26: Asia-Pacific | D26: Nadia Tanaka | E26: Protocol Officer | F26: nadia.tanaka@malaysia.embassy.example | G26: +91 91884 79 | H26: Initial Contact Made | I26: Priya Nair | J26: 45997 | K26: 46246 | L26: 46271 | M26: 1 | N26: Medium | O26: Meeting | P26: Note verbale sent
A27: EMB-026 | B27: Singapore | C27: Asia-Pacific | D27: Omar Rossi | E27: Counsellor (Public Affairs) | F27: omar.rossi@singapore.embassy.example | G27: +91 11 3688 2834 | H27: Closed | I27: Arjun Mehta | J27: 45811 | K27: 46216 | M27: 2 | N27: Low | O27: Email | P27: Declined - policy restrictions
A28: EMB-027 | B28: Thailand | C28: Asia-Pacific | D28: Diego Alvarez | E28: Second Secretary | F28: diego.alvarez@thailand.embassy.example | G28: +91 11 7044 2248 | H28: Engaged | I28: Priya Nair | J28: 46140 | K28: 46277 | L28: 46294 | M28: 12 | N28: High | O28: Event | P28: Co-hosted event in Q2
A29: EMB-028 | B29: Vietnam | C29: Asia-Pacific | D29: Diego Garcia | E29: Commercial Counsellor | F29: diego.garcia@vietnam.embassy.example | G29: +91 11 4280 7001 | H29: Not started | I29: Neha Kulkarni | K29: 46199 | M29: 1 | P29: Contact details to be verified
A30: EMB-029 | B30: Philippines | C30: Asia-Pacific | D30: Elena Mensah | E30: Second Secretary | F30: elena.mensah@philippines.embassy.example | G30: +91 11 8166 3233 | H30: In Discussion | I30: Sameer Khan | J30: 46053 | K30: 46272 | L30: 46313 | M30: 6 | N30: Medium | O30: Email | P30: Draft proposal shared
A31: EMB-030 | B31: Australia | C31: Asia-Pacific | D31: Pavel Petrov | E31: Cultural Attache | F31: pavel.petrov@australia.embassy.example | G31: +91 11 2592 1236 | H31: On Hold | I31: Sameer Khan | J31: 46232 | K31: 46241 | L31: 46348 | M31: 6 | N31: Low | O31: Event | P31: Embassy leadership change
A32: EMB-031 | B32: New Zealand | C32: Asia-Pacific | D32: Kwame Yilmaz | E32: Press & Information Officer | F32: kwame.yilmaz@newzealand.embassy.example | G32: +91 11 7908 5417 | H32: Meeting Scheduled | I32: Priya Nair | J32: 46210 | K32: 46218 | L32: 46250 | M32: 8 | O32: Phone | P32: Venue finalised
A33: EMB-032 | B33: Mongolia | C33: Asia-Pacific | D33: Elena Larsen | E33: First Secretary (Political) | F33: elena.larsen@mongolia.embassy.example | G33: +91 92016 12840 | H33: In Discussion | I33: Arjun Mehta | J33: 46205 | L33: 46307 | M33: 5 | N33: Medium | O33: Phone | P33: Exploring joint programme
A34: EMB-033 | B34: Myanmar | C34: Asia-Pacific | D34: Stefan Mensah | E34: First Secretary (Political) | F34: stefan.mensah@myanmar | G34: +91 11 8197 9678 | H34: in discussion | I34: Sameer Khan | J34: 46065 | K34: 46236 | L34: 14/09/2026 | M34: 5 | N34: Medium | O34: Meeting | P34: Draft proposal shared
A35: EMB-034 | B35: Cambodia | C35: Asia-Pacific | D35: Mei Silva | E35: Counsellor (Public Affairs) | F35: mei.silva@cambodia.embassy.example | G35: +91 11 8391 8276 | H35: In Discussion | J35: 46097 | K35: 46299 | L35: 46328 | M35: 3 | N35: Low | O35: Email | P35: Embassy declined further participation
A36: EMB-035 | B36: UAE | C36: Middle East & North Africa | D36: Leila Nguyen | E36: Second Secretary | F36: leila.nguyen@unitedarabem.embassy.example | G36: +91 11 5805 7803 | H36: On Hold | I36: Arjun Mehta | J36: 45720 | K36: 46294 | L36: 46395 | M36: 4 | N36: Low | O36: Email | P36: Awaiting HQ approval
A37: EMB-036 | B37: Saudi Arabia | C37: Middle East & North Africa | D37: Nadia Nguyen | E37: First Secretary (Political) | F37: nadia.nguyen@saudiarabia.embassy.example | G37: +91 11 8085 3867 | H37: Meeting Scheduled | I37: Rahul Verma | J37: 45687 | K37: 46282 | L37: 46301 | M37: 8 | N37: High | O37: Official Letter | P37: Meeting with Ambassador pending
A38: EMB-037 | B38: Qatar | C38: Middle East & North Africa | D38: Carla Haddad | E38: Cultural Attache | F38: carla.haddad@qatar.embassy.example | G38: +91 11 2298 3725 | H38: Engaged | I38: Sameer Khan | J38: 45814 | K38: 46287 | L38: 46306 | M38: 16 | N38: High | O38: Meeting | P38: Active collaboration
A39: EMB-038 | B39: Kuwait | C39: Middle East & North Africa | D39: Yuki Zhang | E39: Second Secretary | F39: yuki.zhang@kuwait.embassy.example | G39: +91 99992 48005 | H39: Initial Contact Made | I39: Rahul Verma | J39: 45771 | K39: 46332 | L39: 46308 | M39: 2 | N39: Low | O39: Official Letter | P39: Note verbale sent
A40: EMB-039 | B40: Oman | C40: Middle East & North Africa | D40: Amara Rossi | E40: Press & Information Officer | F40: amara.rossi@oman.embassy.example | G40: +91 11 2135 7164 | H40: In Discussion | J40: 45928 | K40: 46280 | L40: 46320 | M40: 5 | O40: Meeting | P40: Reviewing MoU wording
A41: EMB-040 | B41: Bahrain | C41: Middle East & North Africa | D41: Yuki Zhang | E41: Press & Information Officer | F41: yuki.zhang@bahrain.embassy.example | G41: +91 95213 62958 | H41: engaged | I41: Rahul Verma | J41: 46227 | K41: 46245 | M41: 20 | N41: High | O41: Email | P41: Regular quarterly touchpoints
A42: EMB-041 | B42: Iran | C42: Middle East & North Africa | D42: Diego Alvarez | E42: Commercial Counsellor | F42: diego.alvarez@iran.embassy.example | G42: 1157094098 | H42: On Hold | I42: Neha Kulkarni | J42: 46095 | K42: 46277 | L42: 46377 | M42: 6 | O42: Phone | P42: Awaiting HQ approval
A43: EMB-042 | B43: Iraq | C43: Middle East & North Africa | D43: Stefan Okafor | E43: Cultural Attache | F43: stefan.okafor@iraq.embassy.example | G43: +91 93896 50133 | H43: In Discussion | I43: Sameer Khan | J43: 46156 | K43: 46169 | L43: 46210 | M43: 5 | N43: Medium | O43: Phone | P43: Positive response
A44: EMB-043 | B44: Israel | D44: Aisha Garcia | E44: First Secretary (Political) | F44: aisha.garcia@israel.embassy.example | G44: +91 11 4011 5276 | H44: On Hold | I44: Arjun Mehta | J44: 45867 | K44: 46068 | L44: 46183 | M44: 2 | N44: Low | O44: Email | P44: Embassy leadership change
A45: EMB-044 | B45: Jordan | C45: Middle East & North Africa | D45: Andrei Larsen | E45: Press & Information Officer | F45: andrei.larsen@jordan.embassy.example | G45: 911177617 | H45: Closed | I45: Priya Nair | J45: 45772 | K45: 46105 | M45: 2 | N45: Low | O45: Meeting | P45: Not a fit at this time
A46: EMB-045 | B46: Egypt | C46: Sub-Saharan Africa | D46: Fatima Garcia | E46: Press & Information Officer | F46: fatima.garcia@egypt.embassy.example | G46: +91-9351619945 | H46: Engaged | I46: Neha Kulkarni | J46: 45911 | K46: 46231 | L46: 46278 | M46: 10 | N46: High | O46: Email | P46: Regular quarterly touchpoints
A47: EMB-046 | B47: Morocco | C47: Middle East & North Africa | D47: Pavel Alvarez | E47: First Secretary (Political) | F47: pavel.alvarez@morocco.embassy.example | G47: +91 11 4844 4193 | H47: Closed | I47: Rahul Verma | J47: 46235 | K47: 46017 | N47: Low | O47: Official Letter | P47: Not a fit at this time
A48: EMB-047 | B48: Algeria | C48: Middle East & North Africa | D48: Carla Alvarez | E48: First Secretary (Political) | F48: carla.alvarez@algeria.embassy.example | G48: +91 11 5505 6547 | H48: Engaged | I48: Priya Nair | J48: 46149 | L48: 46358 | M48: 0 | N48: High | O48: Official Letter | P48: Joint working group formed
A49: EMB-048 | B49: Turkey | C49: Europe | D49: Omar Petrov | E49: Second Secretary | G49: +91 11 3205 9871 | H49: Initial Contact Made | I49: Neha Kulkarni | J49: 45968 | K49: 46272 | L49: 46312 | M49: 1 | N49: Medium | O49: Phone | P49: Introductory email sent
A50: EMB-049 | B50: South Africa | C50: Sub-Saharan Africa | D50: Pavel Rossi | E50: Cultural Attache | F50: pavel.rossi.southafrica.embassy.example | G50: +91 94658 73064 | H50: On Hold | I50: Priya Nair | J50: 46221 | K50: 46287 | L50: 46392 | N50: Low | O50: Event | P50: Paused - elections
A51: EMB-050 | B51: Nigeria | C51: Sub-Saharan Africa | D51: Andrei Petrov | E51: Counsellor (Public Affairs) | F51: andrei.petrov@nigeria.embassy.example | G51: +91 11 7789 2352 | H51: Engaged | I51: Arjun Mehta | J51: 45703 | K51: 46160 | L51: 46203 | M51: 12 | N51: Medium | O51: Email | P51: Embassy declined further participation
A52: EMB-051 | B52: Kenya | C52: Sub-Saharan Africa | D52: Joao Nguyen | E52: Cultural Attache | F52: joao.nguyen@kenya.embassy.example | G52: +91 11 6137 8522 | H52: Not started | M52: 0 | P52: Contact details to be verified
A53: EMB-052 | B53: Ethiopia | C53: Sub-Saharan Africa | D53: Yuki Khalil | E53: Second Secretary | F53: yuki.khalil@ethiopia.embassy.example | H53: Engaged | I53: Neha Kulkarni | J53: 45965 | K53: 46073 | L53: 46090 | M53: 10 | N53: High | O53: Official Letter | P53: Co-hosted event in Q2
A54: EMB-053 | B54: Ghana | C54: Sub-Saharan Africa | D54: Omar Novak | E54: Second Secretary | F54: omar.novak@ghana.embassy.example | G54: 911176175442 | H54: Engaged | I54: Anita Deshmukh | J54: 46292 | K54: 45970 | L54: 46290 | M54: 6 | N54: High | O54: Phone | P54: Active collaboration
A55: EMB-054 | B55: Tanzania | C55: Sub-Saharan Africa | D55: Sofia Nguyen | E55: Counsellor (Public Affairs) | F55: sofia.nguyen@tanzania.embassy.example | G55: +91 93059 77605 | H55: In Discussion | I55: Priya Nair | J55: 46226 | K55: 46246 | M55: 6 | N55: High | O55: Phone | P55: Draft proposal shared
A56: EMB-055 | B56: Uganda | C56: Sub-Saharan Africa | D56: Tariq Sato | E56: Second Secretary | F56: tariq.sato@uganda.embassy.example | G56: +91 11 7514 1363 | H56: On Hold | I56: Rahul Verma | J56: 46288 | K56: 45890 | L56: 46338 | M56: 5 | N56: Low | O56: Email | P56: Awaiting HQ approval
A57: EMB-056 | B57: Zambia | C57: Sub-Saharan Africa | D57: Ingrid Novak | E57: Counsellor (Public Affairs) | F57: ingrid.novak@zambia.embassy.example | G57: +91 94668 63166 | H57: meeting scheduled | I57: Priya Nair | J57: 46228 | K57: 46233 | L57: 46292 | M57: 10 | N57: High | O57: Phone | P57: Meeting with Ambassador pending
A58: EMB-057 | B58: Zimbabwe | C58: Sub-Saharan Africa | D58: Chen Novak | E58: Commercial Counsellor | G58: +91 97704 41047 | H58: Initial Contact Made | I58: Arjun Mehta | J58: 46068 | K58: 46079 | L58: 46120 | M58: 2 | N58: Low | O58: Event | P58: Introductory email sent
A59: EMB-058 | B59: Mozambique | C59: Sub-Saharan Africa | D59: Chen Khalil | E59: Protocol Officer | F59: chen.khalil@mozambique.embassy.example | G59: +91 94042 94747 | H59: On Hold | I59: Arjun Mehta | J59: 45748 | K59: 46261 | L59: 46338 | M59: 5 | N59: Low | O59: Meeting | P59: Paused - elections
A60: EMB-059 | B60: Angola | C60: Sub-Saharan Africa | D60: Elena Tanaka | E60: Counsellor (Public Affairs) | F60: elena.tanaka@angola.embassy.example | H60: Not started | M60: 0
B61: Senegal | C61: Sub-Saharan Africa | D61: Stefan Larsen | E61: Protocol Officer | G61: +91 11 3057 0304 | H61: Engaged | I61: Neha Kulkarni | J61: 46131 | K61: 46225 | L61: 46245 | M61: 19 | O61: Email | P61: Joint working group formed
A62: EMB-061 | B62: Rwanda | C62: Sub-Saharan Africa | D62: Marco Tanaka | E62: First Secretary (Political) | F62: marco.tanaka@rwanda.embassy.example | G62: +91 90300 42637 | H62: In Discussion | I62: Sameer Khan | J62: 45772 | K62: 46388 | L62: 46313 | M62: 3 | N62: Medium | O62: Meeting | P62: Positive response
A63: EMB-062 | B63: Mauritius | C63: Sub-Saharan Africa | D63: Tariq Rossi | E63: First Secretary (Political) | F63: tariq.rossi@mauritius.embassy.example | G63: +91 97929 92398 | H63: Engaged | I63: Arjun Mehta | J63: 45873 | K63: 46273 | L63: 46295 | M63: 0 | N63: High | O63: Event | P63: Co-hosted event in Q2
B64: USA | C64: America | D64: Aisha Novak | E64: Press & Information Officer | F64: aisha.novak.unitedstates.embassy.example | H64: Meeting Scheduled | J64: 46009 | K64: 46284 | L64: 46324 | M64: 8 | N64: Medium | O64: Official Letter | P64: Meeting with Ambassador pending
A65: EMB-064 | B65: Canada | C65: America | D65: Diego Mensah | E65: Second Secretary | F65: diego.mensah@canada | G65: +91 11 3662 8290 | H65: Engaged | I65: Neha Kulkarni | J65: 45687 | K65: 46212 | L65: 46271 | M65: 10 | N65: High | O65: Official Letter | P65: Co-hosted event in Q2
A66: EMB-065 | B66: Mexico | C66: America | D66: Elena Costa | E66: Press & Information Officer | F66: elena.costa@mexico.embassy.example | G66: +91 95060 18 | H66: Engaged | I66: Anita Deshmukh | J66: 45797 | K66: 46285 | L66: 46333 | M66: 9 | O66: Meeting | P66: Regular quarterly touchpoints
A67: EMB-066 | B67: Brazil | C67: America | D67: Amara Kim | E67: Second Secretary | F67: amara.kim.brazil.embassy.example | G67: +91 11 8276 0821 | H67: Initial Contact Made | I67: Neha Kulkarni | J67: 45783 | L67: 46340 | M67: 2 | N67: Low | O67: Meeting | P67: Note verbale sent
A68: EMB-067 | B68: Argentina | C68: America | D68: Sofia Petrov | E68: Cultural Attache | F68: sofia.petrov.argentina.embassy.example | G68: +91 11 3746 5501 | H68: meeting scheduled | J68: 45794 | K68: 46277 | L68: 46294 | M68: 9 | N68: Medium | O68: Email | P68: Date to be confirmed
A69: EMB-068 | B69: Chile | C69: America | D69: Kwame Haddad | E69: Counsellor (Public Affairs) | F69: kwame.haddad@chile.embassy.example | G69: +91 11 6509 8680 | H69: Initial Contact Made | I69: Anita Deshmukh | J69: 45931 | K69: 46287 | L69: 46305 | N69: Low | O69: Email | P69: Intro call held
A70: EMB-069 | B70: Colombia | C70: America | D70: Aisha Haddad | E70: Protocol Officer | G70: +91 11 3941 8341 | H70: closed | I70: Anita Deshmukh | J70: 45808 | K70: 46079 | M70: 3 | N70: Low | O70: Email | P70: Not a fit at this time
A71: EMB-070 | B71: Peru | C71: America | D71: Mei Costa | E71: Commercial Counsellor | F71: mei.costa@peru.embassy.example | G71: +91-9378776040 | H71: Initial Contact Made | I71: Priya Nair | J71: 45965 | K71: 46076 | L71: 46134 | M71: -3 | N71: Low | O71: Meeting | P71: Awaiting acknowledgement
A72: EMB-071 | B72: Cuba | D72: Amara Kim | E72: Cultural Attache | F72: amara.kim@cuba.embassy.example | G72: +91 11 7766 0471 | H72: Meeting Scheduled | I72: Neha Kulkarni | J72: 46072 | K72: 24/07/2026 | L72: 46264 | M72: 6 | N72: Medium | O72: Email | P72: Meeting with Ambassador pending
A73: EMB-072 | B73: Venezuela | C73: America | D73: Omar Schmidt | E73: First Secretary (Political) | F73: omar.schmidt@venezuela.embassy.example | G73: +91 11 8926 8771 | H73: Initial Contact Made | I73: Neha Kulkarni | J73: 45960 | K73: 46287 | L73: 46339 | M73: 2 | N73: Low | O73: Event | P73: Note verbale sent
A74: EMB-073 | B74: Ecuador | C74: America | D74: Diego Rossi | E74: Protocol Officer | F74: diego.rossi@ecuador.embassy.example | G74: +91 11 5896 5164 | H74: In Discussion | I74: Anita Deshmukh | J74: 46208 | K74: 46278 | L74: 46307 | M74: 4 | N74: Medium | O74: Meeting | P74: Positive response
A75: EMB-074 | B75: Guyana | C75: America | D75: Elena Rossi | E75: Cultural Attache | F75: elena.rossi@guyana.embassy.example | H75: Not started | I75: Anita Deshmukh | K75: 46210 | M75: 3 | P75: Priority list - Q4
A76: EMB-075 | B76: Panama | C76: America | D76: Hiroshi Hassan | E76: Protocol Officer | F76: hiroshi.hassan@panama.embassy.example | G76: +91 96929 84427 | H76: Not started | I76: Rahul Verma | M76: 0
A77: EMB-076 | B77: Uruguay | C77: America | D77: Pavel Larsen | E77: Commercial Counsellor | F77: pavel.larsen@uruguay.embassy.example | H77: Engaged | I77: Rahul Verma | J77: 45884 | K77: 46277 | L77: 46321 | M77: 8 | O77: Event | P77: Co-hosted event in Q2
A78: EMB-077 | B78: Bangladesh | C78: South & Central Asia | D78: Carla Hassan | E78: First Secretary (Political) | F78: carla.hassan@bangladesh.embassy.example | H78: Initial Contact Made | I78: Rahul Verma | J78: 45844 | K78: 46276 | N78: Low | O78: Email | P78: Awaiting acknowledgement
A79: EMB-078 | B79: Sri Lanka | C79: South & Central Asia | D79: Fatima Kim | E79: First Secretary (Political) | F79: fatima.kim@srilanka.embassy.example | G79: +91 11 7029 5292 | H79: On Hold | I79: Sameer Khan | J79: 46314 | K79: 45847 | L79: 46380 | M79: 5 | N79: Low | O79: Phone | P79: Awaiting HQ approval
A80: EMB-079 | B80: Nepal | C80: South & Central Asia | D80: Sofia Rossi | E80: Press & Information Officer | G80: +91 91145 94609 | H80: Engaged | I80: Priya Nair | J80: 46009 | K80: 46211 | L80: 24/07/2026 | M80: 10 | N80: Medium | O80: Email | P80: Regular quarterly touchpoints
A81: EMB-080 | B81: Bhutan | C81: South & Central Asia | D81: Kwame Garcia | E81: Commercial Counsellor | F81: kwame.garcia@bhutan.embassy.example | G81: +91 11 8083 7819 | H81: Initial Contact Made | I81: Arjun Mehta | J81: 45738 | K81: 46206 | L81: 46224 | M81: 1 | O81: Email | P81: Note verbale sent
A82: EMB-081 | B82: Maldives | C82: South & Central Asia | D82: Pavel Costa | E82: Counsellor (Public Affairs) | G82: +91 11 7210 2549 | H82: In Discussion | I82: Arjun Mehta | J82: 45695 | K82: 46193 | L82: 46242 | M82: 5 | N82: Medium | O82: Email | P82: Exploring joint programme
A83: EMB-082 | B83: Kazakhstan | C83: Asia-Pacific | D83: Amara Alvarez | E83: Press & Information Officer | F83: amara.alvarez@kazakhstan.embassy.example | G83: +91 99516 85424 | H83: Meeting Scheduled | I83: Priya Nair | J83: 46192 | K83: 16/09/2026 | L83: 46312 | M83: 7 | N83: High | O83: Email | P83: Date to be confirmed
A84: EMB-083 | B84: Uzbekistan | C84: South & Central Asia | D84: Andrei Haddad | E84: Press & Information Officer | F84: andrei.haddad@uzbekistan.embassy.example | G84: +91-9634056135 | H84: Initial Contact Made | I84: Priya Nair | J84: 46092 | K84: 46251 | L84: 46275 | M84: 2 | N84: Low | O84: Official Letter | P84: Introductory email sent
A85: EMB-084 | B85: Afghanistan | C85: South & Central Asia | D85: Fatima Zhang | E85: Second Secretary | F85: fatima.zhang@afghanistan.embassy.example | H85: Not started | I85: Sameer Khan | M85: 0
A86: EMB-037 | B86: Qatar | C86: Middle East & North Africa | D86: Carla Haddad | E86: Cultural Attache | F86: carla.haddad@qatar.embassy.example | G86: +91 11 2298 3725 | H86: Engaged | I86: Sameer Khan | J86: 45814 | K86: 46244 | L86: 46306 | M86: 16 | N86: High | O86: Meeting | P86: Active collaboration
A87: EMB-094 | B87: Mexico | C87: America | D87: Pedro Nguyen | E87: Press & Information Officer | F87: elena.costa@mexico.embassy.example | G87: +91 95060 18 | H87: Engaged | I87: Anita Deshmukh | J87: 45797 | K87: 46285 | L87: 46333 | M87: 9 | O87: Meeting | P87: Duplicate entry? contact updated
A88: EMB-095 | B88: Singapore | C88: Asia-Pacific | D88: Tariq Kim | E88: Counsellor (Public Affairs) | F88: omar.rossi@singapore.embassy.example | G88: +91 11 3688 2834 | H88: Closed | I88: Arjun Mehta | J88: 45811 | K88: 46216 | M88: 2 | N88: Low | O88: Email | P88: Duplicate entry? contact updated
A89: EMB-096 | B89: Ghana | C89: Sub-Saharan Africa | D89: Aisha Zhang | E89: Second Secretary | F89: omar.novak@ghana.embassy.example | G89: 911176175442 | H89: Engaged | I89: Anita Deshmukh | J89: 46292 | K89: 45970 | L89: 46290 | M89: 6 | N89: High | O89: Phone | P89: Duplicate entry? contact updated

Sheet Data Quality Review.
A1: Issue ID | B1: Category | C1: Excel Row(s) | D1: Field | E1: Current Value / Issue | F1: Severity | G1: Recommended Fix
A2: DQ001 | B2: Embassy ID | C2: 61 | D2: Embassy ID | E2: Blank | F2: High | G2: Verify the correct Embassy ID from the source database and enter it
A3: DQ002 | B3: Embassy ID | C3: 64 | D3: Embassy ID | E3: Blank | F3: High | G3: Verify the correct Embassy ID from the source database and enter it
A4: DQ003 | B4: Duplicate Record | C4: 11, 87 | D4: Embassy ID | E4: EMB-010 appears twice | F4: High | G4: Verify both records, retain one canonical record and remove/merge the duplicate
A5: DQ004 | B5: Duplicate Record | C5: 38, 89 | D5: Embassy ID | E5: EMB-037 appears twice; Last Contact Date differs | F5: High | G5: Verify the correct latest information, merge the records and remove the duplicate
A6: DQ005 | B6: Duplicate Record | C6: 52, 88 | D6: Embassy ID | E6: EMB-051 appears twice | F6: High | G6: Verify both records, retain one canonical record and remove/merge the duplicate
A7: DQ006 | B7: Duplicate Record | C7: 67, 86 | D7: Embassy ID | E7: EMB-066 appears twice | F7: High | G7: Verify both records, retain one canonical record and remove/merge the duplicate
A8: DQ007 | B8: Country Formatting | C8: 2 | D8: Country | E8: france | F8: Medium | G8: Standardise to France
A9: DQ008 | B9: Country Formatting | C9: 3 | D9: Country | E9: Leading space before Germany | F9: Low | G9: Remove leading/trailing spaces
A10: DQ009 | B10: Country Formatting | C10: 22 | D10: Country | E10: Japan has trailing space | F10: Low | G10: Remove leading/trailing spaces
A11: DQ010 | B11: Country Formatting | C11: 90 | D11: Country | E11: Mexico has trailing space | F11: Low | G11: Remove leading/trailing spaces
A12: DQ011 | B12: Country Formatting | C12: 92 | D12: Country | E12: GHANA | F12: Low | G12: Standardise capitalisation to Ghana
A13: DQ012 | B13: Region Missing | C13: 4 | D13: Region | E13: Blank | F13: High | G13: Populate from the authoritative regional classification
A14: DQ013 | B14: Region Missing | C14: 18 | D14: Region | E14: Blank | F14: High | G14: Populate from the authoritative regional classification
A15: DQ014 | B15: Region Missing | C15: 22 | D15: Region | E15: Blank | F15: High | G15: Populate from the authoritative regional classification
A16: DQ015 | B16: Region Missing | C16: 44 | D16: Region | E16: Blank | F16: High | G16: Populate from the authoritative regional classification
A17: DQ016 | B17: Region Missing | C17: 72 | D17: Region | E17: Blank | F17: High | G17: Populate from the authoritative regional classification
A18: DQ017 | B18: Region Inconsistency | C18: 16, 19 | D18: Region | E18: europe | F18: Medium | G18: Standardise to Europe
A19: DQ018 | B19: Region Inconsistency | C19: 37 | D19: Region | E19: MENA | F19: Medium | G19: Standardise to Middle East & North Africa if that is the approved organisational label
A20: DQ019 | B20: Region Inconsistency | C20: 51, 53, 58 | D20: Region | E20: Sub Saharan Africa | F20: Medium | G20: Standardise to Sub-Saharan Africa if that is the approved organisational label
A21: DQ020 | B21: Region Inconsistency | C21: 65, 70 | D21: Region | E21: N. America | F21: Medium | G21: Standardise to the approved regional label, e.g. Americas
A22: DQ021 | B22: Region Classification | C22: 46 | D22: Region | E22: Egypt classified as Sub-Saharan Africa | F22: High | G22: Verify against the organisation's official regional classification
A23: DQ022 | B23: Region Classification | C23: 83 | D23: Region | E23: Kazakhstan classified as Asia-Pacific | F23: High | G23: Verify against the organisation's official regional classification
A24: DQ023 | B24: Contact Name Formatting | C24: 26 | D24: Contact Person | E24: Leading/trailing spaces around Nadia Tanaka | F24: Low | G24: Apply TRIM/cleaning and remove extra spaces
A25: DQ024 | B25: Contact Name Formatting | C25: 59 | D25: Contact Person | E25: Leading/trailing spaces around Chen Khalil | F25: Low | G25: Apply TRIM/cleaning and remove extra spaces
A26: DQ025 | B26: Contact Name Formatting | C26: 65 | D26: Contact Person | E26: Leading/trailing spaces around Diego Mensah | F26: Low | G26: Apply TRIM/cleaning and remove extra spaces
A27: DQ026 | B27: Contact Name Formatting | C27: 67 | D27: Contact Person | E27: Leading/trailing spaces around Amara Kim | F27: Low | G27: Apply TRIM/cleaning and remove extra spaces
A28: DQ027 | B28: Contact Name Formatting | C28: 83 | D28: Contact Person | E28: Leading/trailing spaces around Amara Alvarez | F28: Low | G28: Apply TRIM/cleaning and remove extra spaces
A29: DQ028 | B29: Contact Name Formatting | C29: 86 | D29: Contact Person | E29: Leading/trailing spaces around Amara Kim | F29: Low | G29: Apply TRIM/cleaning and remove extra spaces
A30: DQ029 | B30: Missing Owner | C30: 10, 25, 35, 40, 52, 60, 64, 68, 88 | D30: Owner | E30: Blank | F30: High | G30: Assign the correct owner from the authorised owner/source list; do not guess
A31: DQ030 | B31: Missing Email | C31: 10, 49, 58, 61, 70, 80, 82 | D31: Email | E31: Blank | F31: High | G31: Recover the correct email from the authoritative source
A32: DQ031 | B32: Invalid Email | C32: 34 | D32: Email | E32: stefan.mensah@myanmar | F32: High | G32: Verify and enter the complete valid email address
A33: DQ032 | B33: Invalid Email | C33: 50 | D33: Email | E33: pavel.rossi.southafrica.embassy.example | F33: High | G33: Correct the missing @/email structure using the source record
A34: DQ033 | B34: Invalid Email | C34: 64 | D34: Email | E34: aisha.novak.unitedstates.embassy.example | F34: High | G34: Correct the missing @/email structure using the source record
A35: DQ034 | B35: Invalid Email | C35: 65 | D35: Email | E35: diego.mensah@canada | F35: High | G35: Verify and enter the complete valid email address
A36: DQ035 | B36: Invalid Email | C36: 67 | D36: Email | E36: amara.kim.brazil.embassy.example | F36: High | G36: Correct the missing @/email structure using the source record
A37: DQ036 | B37: Invalid Email | C37: 68 | D37: Email | E37: sofia.petrov.argentina.embassy.example | F37: High | G37: Correct the missing @/email structure using the source record
A38: DQ037 | B38: Invalid Email | C38: 86 | D38: Email | E38: amara.kim.brazil.embassy.example | F38: High | G38: Correct the missing @/email structure using the source record
A39: DQ038 | B39: Suspicious Email Domain | C39: Various | D39: Country Embassy Email Domain | E39: Several domains appear truncated, including czechrepubli, unitedkingdo and unitedarabem | F39: High | G39: Verify domains against the authoritative contact list rather than guessing
A40: DQ039 | B40: Missing Phone | C40: 17, 53, 60, 64, 75, 77, 78, 85 | D40: Phone | E40: Blank | F40: High | G40: Recover the correct phone number from the authoritative source
A41: DQ040 | B41: Invalid Phone | C41: 10 | D41: Phone | E41: +91 11 7028 3 | F41: High | G41: Verify and enter the complete phone number
A42: DQ041 | B42: Invalid Phone | C42: 26 | D42: Phone | E42: +91 91884 79 | F42: High | G42: Verify and enter the complete phone number
A43: DQ042 | B43: Phone Formatting | C43: 42 | D43: Phone | E43: 1157094098 | F43: Medium | G43: Verify the number and standardise it to the approved international format
A44: DQ043 | B44: Invalid Phone | C44: 45 | D44: Phone | E44: 911177617 | F44: High | G44: Verify and enter the complete phone number
A45: DQ044 | B45: Invalid Phone | C45: 66 | D45: Phone | E45: +91 95060 18 | F45: High | G45: Verify and enter the complete phone number
A46: DQ045 | B46: Invalid Phone | C46: 90 | D46: Phone | E46: +91 95060 18 | F46: High | G46: Verify and enter the complete phone number
A47: DQ046 | B47: Status Inconsistency | C47: 7, 10 | D47: Status | E47: Not Started variants include not started with extra spaces | F47: Low | G47: Standardise all variants to Not Started
A48: DQ047 | B48: Status Inconsistency | C48: 17, 25, 26, 39, 49, 58, 67, 69, 71, 73, 78, 81, 84, 86 | D48: Status | E48: Initial Contact | F48: Medium | G48: Standardise to Initial Contact Made
A49: DQ048 | B49: Status Inconsistency | C49: 31 | D49: Status | E49: On hold | F49: Low | G49: Standardise to On Hold
A50: DQ049 | B50: Status Inconsistency | C50: 36, 42, 56 | D50: Status | E50: Hold | F50: Medium | G50: Standardise to On Hold
A51: DQ050 | B51: Status Inconsistency | C51: 34 | D51: Status | E51: in discussion | F51: Low | G51: Standardise to In Discussion
A52: DQ051 | B52: Status Inconsistency | C52: 41 | D52: Status | E52: engaged | F52: Low | G52: Standardise to Engaged
A53: DQ052 | B53: Status Inconsistency | C53: 57, 68 | D53: Status | E53: meeting scheduled | F53: Low | G53: Standardise to Meeting Scheduled
A54: DQ053 | B54: Status Inconsistency | C54: 70 | D54: Status | E54: closed | F54: Low | G54: Standardise to Closed
A55: DQ054 | B55: Date Format | C55: 12 | D55: First Contact Date | E55: Date stored as text / inconsistent format | F55: Medium | G55: Convert to a real Excel date and standardise display format to dd-mmm-yyyy
A56: DQ055 | B56: Date Format | C56: 34 | D56: Next Follow-up Date | E56: Date stored as text / inconsistent format | F56: Medium | G56: Convert to a real Excel date and standardise display format to dd-mmm-yyyy
A57: DQ056 | B57: Date Format | C57: 43 | D57: Last Contact Date | E57: Date stored as text / inconsistent format | F57: Medium | G57: Convert to a real Excel date and standardise display format to dd-mmm-yyyy
A58: DQ057 | B58: Date Format | C58: 51 | D58: First Contact Date | E58: Date stored as text / inconsistent format | F58: Medium | G58: Convert to a real Excel date and standardise display format to dd-mmm-yyyy
A59: DQ058 | B59: Date Format | C59: 72 | D59: Last Contact Date | E59: Date stored as text / inconsistent format | F59: Medium | G59: Convert to a real Excel date and standardise display format to dd-mmm-yyyy
A60: DQ059 | B60: Date Format | C60: 80 | D60: Next Follow-up Date | E60: Date stored as text / inconsistent format | F60: Medium | G60: Convert to a real Excel date and standardise display format to dd-mmm-yyyy
A61: DQ060 | B61: Date Format | C61: 82 | D61: First Contact Date | E61: Date stored as text / inconsistent format | F61: Medium | G61: Convert to a real Excel date and standardise display format to dd-mmm-yyyy
A62: DQ061 | B62: Date Format | C62: 83 | D62: Last Contact Date | E62: Date stored as text / inconsistent format | F62: Medium | G62: Convert to a real Excel date and standardise display format to dd-mmm-yyyy
A63: DQ062 | B63: Date Logic | C63: 39 | D63: Last Contact / Next Follow-up | E63: Last Contact = 06-Nov-2026; Next Follow-up = 13-Oct-2026 | F63: High | G63: Verify dates; normally Next Follow-up should not precede Last Contact
A64: DQ063 | B64: Date Logic | C64: 47 | D64: First Contact / Last Contact | E64: First Contact = 01-Aug-2026; Last Contact = 26-Dec-2025 | F64: High | G64: Verify and correct the inconsistent contact dates
A65: DQ064 | B65: Date Logic | C65: 54 | D65: First Contact / Last Contact / Next Follow-up | E65: First Contact = 27-Sep-2026; Last Contact = 09-Nov-2025; Next Follow-up = 25-Sep-2026 | F65: High | G65: Verify all three dates against the source
... A72: DQ071 | B72: Future Date | C72: 62 | D72: Last Contact Date | E72: 01-Jan-2027 is after assessment date | F72: High | G72: Verify whether this is a future/scheduled date entered in the wrong field
A73: DQ072 | B73: Missing Interactions | C73: 8, 9, 47, 50, 69, 78 | D73: Interactions | E73: Blank | F73: Medium | G73: Recover actual interaction count or explicitly mark as unknown
A74: DQ073 | B74: Invalid Numeric Value | C74: 71 | D74: Interactions | E74: -3 | F74: High | G74: Replace with verified non-negative interaction count; do not assume it is 0
A75: DQ074 | B75: Status/Activity Conflict | C75: 7 | D75: Status / Interactions / Last Contact | E75: Not Started but 2 interactions and a Last Contact Date exist | F75: High | G75: Verify whether status or activity fields are incorrect
A76: DQ075 | B76: Status/Activity Conflict | C76: 29 | D76: Status / Interactions / Last Contact | E76: Not Started but 1 interaction and a Last Contact Date exist | F76: High | G76: Verify whether status or activity fields are incorrect
A77: DQ076 | B77: Status/Activity Conflict | C77: 75 | D77: Status / Interactions / Last Contact | E77: Not Started but 3 interactions and a Last Contact Date exist | F77: High | G77: Verify whether status or activity fields are incorrect
A78: DQ077 | B78: Status/Engagement Conflict | C78: 23 | D78: Status / Interactions / Remarks | E78: Engaged, 0 interactions, remarks say embassy declined further participation | F78: High | G78: Verify outreach outcome and update status/interaction fields accordingly
A79: DQ078 | B79: Status/Remarks Conflict | C79: 35 | D79: Status / Remarks | E79: In Discussion but remarks say embassy declined further participation | F79: High | G79: Verify whether outreach should be marked Closed
A80: DQ079 | B80: Status/Remarks Conflict | C80: 51 | D80: Status / Remarks | E80: Engaged but remarks say embassy declined further participation | F80: High | G80: Verify whether outreach should be marked Closed
A81: DQ080 | B81: Activity/Interaction Conflict | C81: 48 | D81: Status / Interactions / Remarks | E81: Engaged, 0 interactions, remarks say Joint working group formed | F81: High | G81: Verify the interaction count and update it if activity actually occurred
A82: DQ081 | B82: Activity/Interaction Conflict | C82: 63 | D82: Status / Interactions / Remarks | E82: Engaged, 0 interactions, remarks say Co-hosted event in Q2 | F82: High | G82: Verify the interaction count and update it if activity actually occurred
A83: DQ082 | B83: Missing Engagement Level | C83: 2, 4, 7, 9, 10, 18, 23, 29, 32, 40, 42, 52, 60, 61, 66, 75, 76, 77, 81, 85, 88, 90 | D83: Engagement Level | E83: Blank | F83: High | G83: Populate from source/defined business rule; do not guess
A84: DQ083 | B84: Missing Channel | C84: Multiple | D84: Channel | E84: 11 records have blank Channel values | F84: Medium | G84: Recover outreach channel from the source or mark as unknown
A85: DQ084 | B85: Missing Remarks | C85: Multiple | D85: Remarks | E85: 3 records have blank Remarks | F85: Low | G85: Populate from source where available; otherwise leave blank/Unknown with documentation
A86: DQ085 | B86: Potential Duplicate Update | C86: 66, 90 | D86: Embassy/Contact details | E86: Mexico records appear to represent an original record and a contact update | F86: High | G86: Compare records, retain the latest verified contact details and merge into one canonical record
A87: DQ086 | B87: Potential Duplicate Update | C87: 27, 91 | D87: Embassy/Contact details | E87: Singapore records appear to represent an original record and a contact update | F87: High | G87: Compare records, retain the latest verified contact details and merge into one canonical record
A88: DQ087 | B88: Potential Duplicate Update | C88: 54, 92 | D88: Embassy/Contact details | E88: Ghana records appear to represent an original record and a contact update | F88: High | G88: Compare records, retain the latest verified contact details and merge into one canonical record
A89: DQ088 | B89: Standardisation | C89: All records | D89: Country / Region / Status / Phone / Email / Dates | E89: Multiple formats and naming conventions throughout the database | F89: Medium | G89: Apply controlled lists, standard formats, validation rules and consistent date/phone/email formatting
A90: DQ089 | B90: Control / Validation | C90: All records | D90: Data Entry | E90: Free-text fields permit inconsistent spelling, spaces and status variants | F90: Medium | G90: Add Excel Data Validation dropdowns and cleaning rules for controlled fields
A91: DQ090 | B91: Auditability | C91: All records | D91: Data Quality | E91: Process | F91: Corrections are difficult to distinguish from original raw values | G91: Medium
